{
  "hosting": [
    {
      "target": "default",
      "public": "build",
      "ignore": [
        "firebase.json",
        "**/.*",
        "**/node_modules/**"
      ],
      "rewrites": [
        {
          "source": "**",
          "destination": "/index.html"
        }
      ]
    },
    {
      "target": "devtracker",
      "public": "build",
      "ignore": [
        "firebase.json",
        "**/.*",
        "**/node_modules/**"
      ],
      "rewrites": [
        {
          "source": "**",
          "destination": "/index.html"
        }
      ]
    }
  ]
}
