{
  "project_info": {
    "project_number": "206338600005",
    "project_id": "video-downloader-41ef6",
    "storage_bucket": "video-downloader-41ef6.appspot.com"
  },
  "client": [
    {
      "client_info": {
        "mobilesdk_app_id": "1:206338600005:android:bd0493f5a266b120c4072c",
        "android_client_info": {
          "package_name": "com.hd.video.downloader.play.video"
        }
      },
      "oauth_client": [
        {
          "client_id": "206338600005-0t6mquqm2nis27ntku4f4hkvhdgul66i.apps.googleusercontent.com",
          "client_type": 3
        }
      ],
      "api_key": [
        {
          "current_key": "AIzaSyByzDIBLT9Fvq08o5XVYCgBr1s5txZ7TCg"
        }
      ],
      "services": {
        "appinvite_service": {
          "other_platform_oauth_client": [
            {
              "client_id": "206338600005-0t6mquqm2nis27ntku4f4hkvhdgul66i.apps.googleusercontent.com",
              "client_type": 3
            }
          ]
        }
      }
    }
  ],
  "configuration_version": "1"
}